NPSN,Nama_sekolah,Jenjang,Akreditasi,Peserta Didik,Rombel,Guru,Pegawai,R.Kelas,R.Lab,R.Perpus,SPP,Kurikulum,Yayasan,Jumlah Sekolah Naungan Yayasan,Grade Yayasan Sekolah,Tanggal SK Pendirian,Umur,meter listrik,harga_listrik_per_bulan,luas tanah,Harga Tanah Pasaran per kecamatan,estimasi harga tanah sekolah,Website,is_surabaya,is_website,is_agama
69849923,SMA SURABAYA INTERCULTURAL SCHOOL,SPK SMA,B,40,3,7,1,9,1,1,26079167,Kurikulum Internasional,Surabaya International School,5,5,1977,48,86000,350880000000,5250,12670000,66517500000,http://sis.sch.id,1,1,0
69849918,SMP SURABAYA INTERCULTURAL SCHOOL,SPK SMP,B,31,3,6,1,5,0,1,25208333,Kurikulum Internasional,Surabaya International School,5,5,1977,48,86000,35088000000,5250,12670000,66517500000,http://www.sis.sch.id,1,1,0
69849910,SD SURABAYA INTERCULTURAL SCHOOL,SPK SD,B,33,6,8,1,7,0,1,22916667,Kurikulum Internasional,Surabaya International School,5,5,1977,48,860000,350880000000,5250,12670000,66517500000,http://www.sis.sch.id,1,1,0
90101119,SURABAYA INTERCULTURAL SCHOOL,SPK TK,A,18,2,1,1,3,0,1,20625000,Kurikulum Internasional,Surabaya International School,5,5,1977,48,50000,20400000000,5250,12670000,66517500000,http://sis.sch.id,1,1,0
69873972,SMA SURABAYA EUROPEAN SCHOOL,SPK SMA,A,392,12,3,3,12,5,1,20000000,Kurikulum Internasional,Surabaya European School,5,5,2001,24,160000,0,1557,12350000,19228950000,http://www.surabayaeuropeanschool.com,1,1,0
69876165,SMP SURABAYA EUROPEAN SCHOOL,SPK SMP,A,30,3,5,5,7,1,1,20000000,Kurikulum Internasional,Surabaya European School,5,5,2001,24,16000,6528000000,1557,12350000,19228950000,http://www.surabayaeuropeanschool.com,1,1,0
20531934,SD AL MUFIDAH,SD,B,107,6,7,1,9,3,1,470000,Kurikulum Merdeka,YPI AL MUFIDAH,1,1,2000,25,2300,938400000,1200,10000000,12000000000,http://www.almufidahkeren.blogspot.com,1,0,1
20549499,SMAS CIPUTRA,SPK SMA,A,362,16,19,5,38,6,1,9426000,Kurikulum Internasional,Yayasan  Ciputra Pendidikan,5,5,1998,27,74998,30599184000,5000,12670000,63350000000,http://sekolahciputra.sch.id,1,1,0
69756322,SMAS ALAM INSAN MULIA,SMA,A,120,5,12,3,6,7,1,1765000,Kurikulum Merdeka,YAYASAN INSAN MULIA,5,5,2012,13,126000,51408000000,5295,12000000,63540000000,http://www.saim.sch.id,1,1,1
20532797,SMP ISLAM AL AZHAR KELAPA GADING SURABAYA,SMP,A,120,6,11,4,6,4,1,1700000,Kurikulum Internasional,YAYASAN AL AZHAR KELAPA GADING,4,4,2002,23,63000,1632000,5285,15750000,83238750000,http://www.sby.alazka.sch.id,1,1,1
20541308,SMP CIPUTRA,SPK SMP,A,326,15,25,1,17,2,1,8000000,Kurikulum Internasional,Yayasan  Ciputra Pendidikan,5,5,1987,38,75000,30600000000,5000,12670000,63350000000,http://www.sekolahciputra.sch.id,1,1,0
20554619,SD MERLION SCHOOL,SPK SD,A,143,9,15,2,11,2,1,6600000,Kurikulum Internasional,Yayasan Pendidikan Satya Vidya Indonesia,5,5,2014,11,33000,13464000000,2500,13750000,34375000000,http://www.merlionis.sch.id,1,1,0
69878673,SMP IVY SCHOOL,SMP,B,50,3,6,3,3,2,1,6000000,Kurikulum Internasional,IVY BHAKTI PERTIWI,4,4,2014,11,13000,5304000000,2296,13300000,30536800000,http://www.ivyschool.sch.id,1,1,0
20531900,SDS CIPUTRA,SPK SD,A,416,20,30,1,23,0,1,6000000,Kurikulum Internasional,Yayasan  Ciputra Pendidikan,5,5,1996,29,75000,408000000,8800,12670000,111496000000,http://www.sekolahciputra.sch.id,1,1,0
70000866,SD SAMPOERNA ACADEMY,SD,A,258,12,15,4,18,2,2,5900000,Kurikulum Internasional,Yayasan Putera Sampoerna,8,5,2019,6,55000,22440000000,5893,13300000,78376900000,http://sampoernaacademy.sch.id,1,1,0
20558917,TK KRISTEN GLORIA 2,TK,A,108,8,11,3,16,0,1,1450000,Kurikulum Internasional,YAYASAN PENDIDIKAN KRISTEN GLORIA,14,5,1995,30,50000,20400000000,4000,24000000,96000000000,http://www.gloriaschool.org,1,1,1
69763520,KB KRISTEN GLORIA 2,KB,A,72,5,7,1,11,0,1,1400000,Kurikulum Internasional,YAYASAN PENDIDIKAN KRISTEN GLORIA,14,5,1995,30,50000,20400000000,4000,24000000,96000000000,http://www.gloriaschool.org,1,1,1
20533039,SD GREAT CRYSTAL SCHOOL,SPK SD,A,67,6,5,1,6,3,1,4500000,Kurikulum Internasional,Pendidikan Sumber Daya Sukses Makmur,4,4,2007,18,7000,2856000000,7000,24000000,168000000000,http://www.great.sch.id,1,1,0
69928461,SMP CIKAL,SMP,A,67,3,10,1,3,2,1,4400000,Kurikulum Internasional,YAYASAN CINTA KELUARGA,5,5,2015,10,197000,80376000000,10360,12350000,127946000000,http://www.cikal.co.id,1,1,0
20533070,SD MUHAMMADIYAH 7 SURABAYA,SD,B,123,7,10,2,7,2,1,375000,Kurikulum Merdeka,Pimpinan Daerah Muhammadiyah (PDM) Kota Surabaya,134,8,2000,25,44000,1795200000,552,16890000,9323280000,http://sekolahinovatifjagir.sch.id,1,1,1
69992750,TK SAMPOERNA (SAMPOERNA ACADEMY),TK,A,80,2,5,0,2,0,0,4160000,Kurikulum Internasional,Yayasan Putera Sampoerna,8,5,2019,6,55000,22440000000,2071,13300000,27544300000,www.sampoernaacademy.sch.id,1,1,0
20561209,TK AL - HIKMAH,TK,A,134,9,21,3,12,0,1,1700000,Kurikulum Merdeka,Yayasan LPI Al Hikmah,1,1,2011,14,36000,1468800000,820,10420000,8544400000,http://www.alhikmahsby.sch.id,1,1,1
20532736,SMP KRISTEN YBPK I SURABAYA,SMP,A,125,6,10,3,6,3,1,650000,Kurikulum Merdeka,YBPK GKJW CABANG SURABAYA,4,4,1953,72,33000,13464000000,750,8570000,6427500000,http://smpkybpk-1.sch.id,1,1,1
20584020,SD IVY SCHOOL,SD,A,123,6,8,1,7,2,1,4000000,Kurikulum Internasional,IVY BHAKTI PERTIWI,4,4,1900,125,13000,5304000000,2296,12670000,29090320000,http://www.ivyschool.sch.id,1,1,0
20584025,SMP ELYON CHRISTIAN SECONDARY SCHOOL,SPK SMP,B,412,18,19,3,18,6,1,3926000,Kurikulum Internasional,Yayasan Pendidikan Kristen Elyon,3,3,2002,23,470000,191760000000,8690,13750000,119487500000,http://www.elyon.sch.id,1,1,0
69873955,SD SINGAPORE NATIONAL ACADEMY,SPK SD,B,154,10,6,3,12,2,1,3830000,Kurikulum Internasional,YAYASAN SINGAPORE PIAGET ACADEMY,8,8,2004,21,146999,0,,7530000,,http://www.v2.sna.sch.id,0,1,0
20532514,SMP MARGIE,SMP,B,23,3,1,1,3,3,1,3000000,Kurikulum Merdeka,YAYASAN MARGIE,5,5,1983,42,115000,46920000000,1999,24000000,47976000000,http://www.margieschool.com,1,1,0
20532886,SD TUNAS BAHARI SURABAYA,SD,B,150,6,6,4,7,1,1,2865000,Kurikulum Internasional,Yayasan Tunas Bahari Morokrembangan,2,2,1980,45,1200,489600000,340,9840000,3345600000,http://www.sdtunasbahari.exp,1,1,0
69763472,KB KRISTEN GLORIA 3,KB,B,52,4,3,1,6,0,1,1500000,Kurikulum Merdeka,YAYASAN PENDIDIKAN KRISTEN GLORIA,14,5,2010,15,15000,6120000000,5000,15750000,78750000000,-,1,0,1
20533110,SD ELYON CHRISTIAN PRIMARY SCHOOL,SPK SD,B,523,25,35,2,26,3,1,2700000,Kurikulum Internasional,Yayasan Pendidikan Kristen Elyon,3,3,2010,15,470000,0,4864,13750000,66880000000,http://www.elyon.sch.id,1,1,0
69955544,SMA SURABAYA CAMBRIDGE SCHOOL,SMA,A,244,8,4,1,8,6,1,2635000,Kurikulum Internasional,Yayasan Pelita Kasih Sejati,3,3,2016,9,33000,13464000000,2170,12350000,26799500000,http://surabayacambridge.sch.id/,1,1,0
69879190,SMP MAWAR SHARON CHRISTIAN SCHOOL,SPK SMP,A,233,12,24,9,12,2,1,2600000,Kurikulum Internasional,Yayasan Pendidikan Generasi Rajawali,5,5,2014,11,10000,4080000000,2376,32070000,76198320000,http://www.mscs.sch.id,1,1,0
69888642,SMA PROGRESIF BUMI SHALAWAT,SMA,A,1294,37,51,4,46,5,2,2600000,Kurikulum Internasional,BUMI SHALAWAT PROGRESIF,3,2,2014,11,4000,0,11542,4500000,51939000000,http://sekolahprogresif.sch.id,0,1,0
20539220,SMP SANTA KATARINA,SMP,A,151,6,8,6,6,3,1,600000,Kurikulum Merdeka,YOHANNES GABRIEL,38,5,2011,14,33000,13464000000,1092,32070000,35020440000,-,1,0,1
20559090,TK KRISTEN PETRA 1,TK,A,47,2,4,1,3,0,1,1350000,Kurikulum Merdeka,Perhimpunan Pendidikan dan Pengajaran Kristen Petra,25,6,2009,16,32983,13457064000,1250,32070000,40087500000,http://tk1.pppkpetra.or.id,1,1,1
69992188,SMP AL FALAH SURABAYA,SMP,A,152,6,9,4,8,3,1,1610000,Kurikulum Internasional,Yayasan Masjid Al Falah Surabaya,3,3,2018,7,130000,0,837,16890000,14136930000,-,1,0,1
20558866,TK KRISTEN GLORIA 3,TK,B,92,10,11,2,15,0,1,400000,Kurikulum Merdeka,YAYASAN PENDIDIKAN KRISTEN GLORIA,14,5,2010,15,15000,6120000000,5000,15750000,78750000000,http://www.gloriaschool.org,1,1,1
60729406,SMP PROGRESIF BUMI SHALAWAT,SMP,A,1238,39,58,3,50,1,1,2600000,Kurikulum Internasional,BUMI SHALAWAT PROGRESIF,3,2,2018,7,19699,0,4888,4500000,21996000000,http://www.sekolahprogresif.sch.id,0,1,0
20549500,SMKS FARMASI SEKESAL SURABAYA,SMK,A,142,5,16,10,10,0,0,2500000,Kurikulum Internasional,HANG TUAH CABANG SURABAYA,25,6,1999,26,60000,24480000,5000,16890000,84450000000,http://sekesalsurabaya.sch.id,1,1,0
69991338,SMP PROGRESSIVE BUMI SHALAWAT,SMP,A,336,10,11,2,11,0,1,2500000,Kurikulum Internasional,BUMI SHALAWAT PROGRESIF,3,2,2019,6,197000,0,8700000,4500000,39150000000000,http://sekolahprogresif.sch.id,0,1,0
20533073,SD MUHAMMADIYAH 2,SD,A,157,7,8,4,7,2,1,400000,Kurikulum Merdeka,Pimpinan Daerah Muhammadiyah (PDM) Kota Surabaya,134,8,1978,47,23000,9384000000,415,27590000,11449850000,http://sdmuhammadiyah2sby.sch.id,1,1,1
20532754,SMP KRISTEN KALAM KUDUS,SMP,B,96,3,10,2,6,5,1,700000,Kurikulum Merdeka,Yayasan Kalam Kudus Indonesia Cab. Surabaya,4,4,1987,38,33000,13464000000,2671,13750000,36726250000,http://kalamkudus.sch.id,1,1,1
20533128,SD KRISTEN GLORIA 1,SD,A,158,8,13,1,12,2,1,2250000,Kurikulum Internasional,YAYASAN PENDIDIKAN KRISTEN GLORIA,14,5,1988,37,157600,64300800000,3500,27590000,96565000000,http://www.gloriaschool.org,1,1,1
20559792,TK ALAM INSAN MULIA,TK,A,132,8,8,2,12,0,1,1290000,Kurikulum Merdeka,YAYASAN INSAN MULIA,5,5,2002,23,33000,1346400000,1089,12000000,13068000000,http://saim.sch.id,1,1,1
20532200,SMKS PARIWISATA SATYA WIDYA,SMK,A,497,18,31,8,26,3,1,2410000,Kurikulum Internasional,SATYA WIDYA,1,1,1990,35,190000,77520000000,5500,15630000,85965000000,http://smkparsatyawidya.sch.id,1,1,0
20558818,TK ISLAM AL-AZHAR KELAPA GADING,TK,A,53,4,6,2,5,1,1,1220000,Kurikulum Merdeka,YAYASAN AL AZHAR KELAPA GADING,4,4,2002,23,60000,2448000000,5000,15750000,78750000000,http://sby.alazka.sch.id,1,1,1
69772565,SMPS KREATIF AN-NUR,SMP,A,162,6,13,5,8,2,1,300000,Kurikulum Merdeka,DWI DARMA,4,4,2013,12,32980,1345584000,1314,12000000,15768000000,http://www.smpkreatifannur.sch.id,1,1,1
20533095,SD NURUL IMAN,SD,A,162,8,13,2,8,1,1,500000,Kurikulum Merdeka,MASJID NURUL IMAN,2,2,2000,25,2200,897600000,470,5090000,2392300000,http://sdsnuruliman.blogspot.com,1,0,1
20554182,SMP SEKOLAH ALAM INSAN MULIA,SMP,A,163,7,16,6,6,2,1,1870000,Kurikulum Internasional,YAYASAN INSAN MULIA,5,5,2008,17,125999,51407592000,5295,12000000,63540000000,http://saim.sch.id,1,1,1
20561504,TK AL HIDAYAH,TK,B,221,7,6,1,8,0,1,250000,Kurikulum Merdeka,,0,0,2010,15,1300,530400000,550,9840000,5412000000,-,1,0,1
69888333,SD KRISTEN ANAK PANAH,SD,B,169,8,13,4,13,3,1,2100000,Kurikulum Merdeka,Yayasan Tunas Bangsa Ceria,4,4,2014,11,200000,8160000,5540,8570000,47477800000,http://www.tunasbangsaceria.sch.id,1,1,1
20532760,SMP GIRI SURYA,SMP,B,59,3,7,3,3,3,1,2200000,Kurikulum Merdeka,YAYASAN PENDIDIKAN PANCA PUTRA,1,1,1989,36,1300,530400000,1582,12350000,19537700000,http://www.smpgirisurya.sch.id/,1,1,0
20559135,TK ANUGERAH PEKERTI,TK,A,20,2,2,1,3,0,1,2100000,Kurikulum Merdeka,Yayasan Perhimpunan Anugerah Pekerti,4,4,2007,18,6600,2692800000,1145,32070000,36720150000,http://www.anugerahpekerti.com,1,1,0
20584015,SMAS UNGGULAN AMANATUL UMMAH,SMA,A,1043,31,37,3,37,8,1,2050000,Kurikulum Merdeka,Yayasan Amanatul Ummah Surabaya,4,4,2010,15,22000,8976000000,1500,8020000,12030000000,http://www.smauau-sby.sch.id,1,1,1
20532531,SMP MUHAMMADIYAH 6 SBY,SMP,A,175,6,15,5,8,2,1,475000,Kurikulum Merdeka,Pimpinan Daerah Muhammadiyah (PDM) Kota Surabaya,134,8,1978,47,66000,26928000000,1762,7000000,12334000000,http://www.smpmusix.sch.id,1,1,1
69971570,SMP KRISTEN ANAK PANAH,SMP,B,68,3,10,2,6,3,1,3250000,Kurikulum Internasional,Yayasan Tunas Bangsa Ceria,4,4,2017,8,320000,1305600000,4950,8570000,42421500000,http://www.tunasbangsaceria.sch.id,1,1,1
20566151,SMP UNGGULAN AMANATUL UMMAH,SMP,A,1169,33,47,3,33,2,1,2050000,Kurikulum Merdeka,Yayasan Amanatul Ummah Surabaya,4,4,2004,21,41500,16932000000,1825,8020000,14636500000,http://smp-au-surabaya.sch.id/,1,1,1
69863307,SMA KRISTEN IPH 2,SPK SMA,A,47,6,9,1,6,4,1,1800000,Kurikulum Internasional,Yayasan Intan Eduka,10,5,2013,12,197000,80376000000,2622,13750000,36052500000,http://www.iphschools.sch.id,1,1,1
70011967,SMP ISLAM TERPADU PERMATA,SMP,A,78,3,4,2,3,2,1,1200000,Kurikulum Merdeka,YAYASAN PENDIDIKAN ISLAM PERMATA SURABAYA,4,4,2021,4,10500,4284000000,4044,5700000,23050800000,http://sitpermatasby.sch.id/,1,1,1
20532978,SD KATOLIK SANTA THERESIA II SURABAYA,SD,A,183,8,11,4,11,3,1,500000,Kurikulum Merdeka,YOHANNES GABRIEL,38,5,2010,15,88000,35904000000,6125,8570000,52491250000,https://sdksantatheresia2.wordpress.com/,1,0,1
69786333,SMA MUHAMMADIYAH 9,SMA,A,97,3,9,3,6,5,1,375000,Kurikulum Merdeka,"Pimpinan Wilayah Muhammadiyah (PWM), Jawa Timur",7,2,2011,14,22999,9383592000,300,13300000,3990000000,http://smam9sby.sch.id,1,1,1
20532405,SMA KRISTEN ANAK PANAH,SMA,B,49,3,5,2,6,5,1,3750000,Kurikulum Internasional,Yayasan Tunas Bangsa Ceria,4,4,1965,60,150000,61200000000,1500,8570000,12855000000,http://tunasbangsaceria.sch.id,1,1,1
20541315,SMAS AL FALAH,SMA,A,192,7,11,12,12,5,1,750000,Kurikulum Merdeka,Yayasan Kepharmasian Surabaya,3,3,2001,24,33000,13464000000,3076,10420000,32051920000,http://www.smaalfalah-ketintang.sch.id,1,1,1
69904222,TK APPLE TREE,TK,B,96,0,7,1,0,0,0,2000000,Kurikulum Internasional,Yayasan Apple Tree Surabaya,1,1,2014,11,20000,0,1400,12670000,17738000000,http://www.appletreeps.com,1,1,0
20561217,TK AL-HIKMAH,TK,A,180,11,15,2,12,0,0,1600000,Kurikulum Merdeka,YAYASAN AL-HIKMAH MOJO SURABAYA,1,1,2013,12,35000,1428000000,150,15630000,2344500000,-,1,0,1
69943157,SMP JALINAN ADISISWA CEMERLANG,SMP,A,174,7,15,11,8,2,1,2000000,Kurikulum Merdeka,YAYASAN PENGEMBANGAN KREATIVITAS,2,2,2015,10,330000,134640000000,2579,12350000,31850650000,http://www.jacschool.com,1,1,0
69903097,KB ALAM INSAN MULIA SURABAYA,KB,A,48,5,5,1,10,0,1,990000,Kurikulum Merdeka,YAYASAN INSAN MULIA,5,5,2010,15,33000,1346400000,1089,12000000,13068000000,http://saim.sch.id,1,1,1
20533004,SD KATOLIK SANTA ANGELA,SD,A,216,9,13,7,12,2,2,1200000,Kurikulum Merdeka,Perkumpulan Dharmaputri,6,5,2008,17,32999,13463592000,6000,9840000,59040000000,http://www.sdksantaangela.sch.id,1,1,1
20532607,SMP NATION STAR ACADEMY,SPK SMP,A,279,12,24,4,12,4,1,2000000,Kurikulum Internasional,YAYASAN PENDIDIKAN DAN PENGAJARAN INDONESIA (YPPI),15,10,1992,33,263000,107304000000,4000,15630000,62520000000,https://nationstaracademy.sch.id/,1,1,0
20531832,SDS ADVENT,SD,B,64,6,6,1,6,2,0,2000000,Kurikulum Internasional,Gereja Masehi Advent Hari Ketujuh,2,2,2009,16,16500,6732000000,1275,27590000,35177250000,http://taas.sch.id/,1,1,0
20532389,SMAS IPIEMS,SMA,A,544,17,29,7,18,5,1,2000000,Kurikulum Merdeka,YAYASAN IPIEMS,3,3,1985,40,18000,7344000000,3740,15750000,58905000000,http://smaipiemssurabaya.sch.id/,1,1,0
20573205,SEKOLAH MENENGAH ATAS INTAN PERMATA HATI KAMPUS TIMUR SURABAYA,SPK SMA,A,101,6,15,0,9,4,1,1800000,Kurikulum Internasional,Yayasan Intan Eduka,10,5,2007,18,32999,13463592000,4000,7760000,31040000000,http://www.iphschools.com,1,1,0
69854880,TK IPH,TK,A,107,6,6,2,6,0,1,1800000,Kurikulum Internasional,Yayasan Intan Eduka,10,5,2012,13,39000,15912000,1047,7760000,8124720000,http://www.iphschools.sch.id,1,1,0
20533129,SD KRISTEN PETRA 1 SURABAYA,SD,A,226,11,17,9,14,2,1,1000000,Kurikulum Merdeka,Perhimpunan Pendidikan dan Pengajaran Kristen Petra,25,6,2008,17,131000,53448000000,2695,32070000,86428650000,http://www.sd1.pppkpetra.or.id,1,1,1
20532378,SMAS AL AZHAR SURABAYA,SMA,B,227,8,8,1,10,6,2,2750000,Kurikulum Internasional,Pondok Pesantren Darussalam Behji,4,4,1997,28,6600,2692800000,3966,5700000,22606200000,http://sekolahalazharbehji.blogspot.com/,1,0,1
20559043,TK KRISTEN PETRA 10,TK,A,124,6,11,1,6,0,1,900000,Kurikulum Merdeka,Perhimpunan Pendidikan dan Pengajaran Kristen Petra,25,6,2009,16,105000,42840000000,9000,24000000,216000000000,http://www.tk10.pppkpetra.sch.id,1,1,1
20571625,SEKOLAH MENENGAH PERTAMA INTAN PERMATA HATI KAMPUS TIMUR SURABAYA,SPK SMP,A,129,7,9,0,11,4,1,1800000,Kurikulum Internasional,Yayasan Intan Eduka,10,5,2004,21,33000,13464000000,4000,7760000,31040000000,http://www.iphschools.com,1,1,0
20531936,SD ALKHAIRIYAH II,SD,A,236,9,15,2,15,2,1,600000,Kurikulum Merdeka,Yayasan Alkhairiyah,5,4,1968,57,3300,1346400000,550,6670000,3668500000,http://www.alkhairiyahsby.com,1,1,1
69763538,KB SURABAYA GRAMMAR SCHOOL,KB,A,35,3,4,1,4,0,0,1800000,Kurikulum Internasional,YAYASAN LAI SUHARTONO,10,6,2009,16,10000,4080000000,450,12670000,5701500000,http://www.sgsedu.com,1,1,0
69921262,SMP LITTLE SUN SCHOOL,SMP,A,242,9,21,4,12,5,1,1800000,Kurikulum Internasional,YAYASAN CAHYA HATI IBU,5,5,2015,10,35000,14280000000,2360,12000000,28320000000,http://www.littlesunschool.sch.id,1,1,0
20533053,SEKOLAH DASAR INTAN PERMATA HATI KAMPUS TIMUR SURABAYA,SPK SD,A,253,13,21,1,24,3,1,1800000,Kurikulum Internasional,Yayasan Intan Eduka,10,5,2002,23,39000,158712000,4000,7760000,31040000000,http://www.iphschools.com,1,1,0
69854899,KB KRISTEN IPH,KB,A,68,3,3,1,2,0,1,400000,Kurikulum Merdeka,Yayasan Intan Eduka,10,5,2014,11,39000,15912000,3300,7760000,25608000000,http://www.iphschools.sch.id,1,1,1
69854883,TK SURABAYA MONTESSORI SCHOOL,TK,A,49,2,2,1,3,0,0,1650000,Kurikulum Merdeka,Yayasan Sosial Budi Mulia Abadi,3,3,,,53,21624000,3000,12000000,36000000000,http://www.surabayamontessori.sch.id,1,1,0
20532154,SMAS MUHAMMADIYAH 7,SMA,A,255,8,19,3,12,5,1,450000,Kurikulum Merdeka,Pimpinan Daerah Muhammadiyah (PDM) Kota Surabaya,134,8,1990,35,53000,21624000000,1840,15750000,28980000000,http://www.smamsevensby.com,1,1,1
69763469,KB XIN ZHONG,KB,B,97,7,15,1,18,0,0,1650000,Kurikulum Internasional,Sarana Hubungan Harmonis Sejahtera,8,7,2012,13,5500,2244000000,1278,15750000,20128500000,http://www.xinzhong.sch.id,1,1,0
20559021,TK CINTA KASIH SCHOOL,TK,A,13,2,0,3,2,0,1,1600000,Kurikulum Internasional,YAYASAN CINTA KASIH SURABAYA,2,2,2010,15,1200,489600000,600,12670000,7602000000,http://cintakasih.co.cc,1,1,0
20532763,SMP HANG TUAH 2 SURABAYA,SMP,A,221,8,11,8,8,2,1,1500000,Kurikulum Merdeka,HANG TUAH CABANG SURABAYA,25,6,1988,37,22000,8976000000,4270,7000000,29890000000,http://smphangtuah2.sch.id,1,1,0
20532745,SMP KRISTEN PETRA 2,SMP,A,278,10,18,14,13,5,1,1150000,Kurikulum Merdeka,Perhimpunan Pendidikan dan Pengajaran Kristen Petra,25,6,1961,64,144000,58752000000,3770,27590000,104014300000,http://www.smp2.pppkpetra.sch.id,1,1,1
70031247,SD CHALIDANA ISLAMIC SCHOOL,SD,A,41,5,6,4,5,2,1,1500000,Kurikulum Merdeka,YAYASAN ILYAS SAFIRA,7,3,2022,3,1000,0,10000,3500000,35000000000,http://chalidanaislamicschool.sch.id,0,1,0
20563931,SD ANUGERAH PEKERTI,SD,A,77,6,10,3,6,2,2,1400000,Kurikulum Merdeka,Yayasan Perhimpunan Anugerah Pekerti,4,4,2007,18,22000,8976000000,1145,32070000,36720150000,http://anugerahpekerti.com,1,1,0
20532733,SMP KATOLIK STELLA MARIS,SMP,A,286,11,18,10,19,6,1,2100000,Kurikulum Merdeka,Perkumpulan Dharmaputri,6,5,1990,35,34500,0,3654,21280000,77757120000,-,1,0,1
20532685,SMKS PGRI 13 SURABAYA,SMK,A,775,24,28,2,23,2,1,1400000,Kurikulum Merdeka,Perwakilan YPLP PGRI Kota Surabaya,21,3,1985,40,105000,42840000000,1826,8020000,14644520000,http://smkpgri13surabaya.sch.id,1,1,0
20532144,SMAS KATOLIK SANTO YUSUP,SMA,A,293,9,9,4,9,6,1,550000,Kurikulum Merdeka,YOHANNES GABRIEL,38,5,2014,11,41500,16932000000,3500,7000000,24500000000,http://smakstyusup.sch.id,1,1,1
20541319,SMKS DHARMA BAHARI,SMK,B,2055,57,44,3,27,6,2,1200000,Kurikulum Merdeka,Yayasan Pendidikan Dharma Bahari,1,1,2002,23,82472,33648576000,4324,8890000,38440360000,http://www.smk-dharmabahari.sch.id,1,1,0
20532134,SMAS KRISTEN KALAM KUDUS,SMA,A,92,3,10,5,6,6,1,700000,Kurikulum Merdeka,Yayasan Kalam Kudus Indonesia Cab. Surabaya,4,4,1994,31,33000,0,3900,13750000,53625000000,http://kalamkudussurabaya.sch.id,1,1,1
20532139,SMAS KATOLIK SANTO STANISLAUS,SMA,A,302,9,14,7,10,5,1,350000,Kurikulum Merdeka,YOHANNES GABRIEL,38,5,1990,35,82500,33660000000,3560,8570000,30509200000,http://smakstasby.sch.id,1,1,1
20532088,SMAS KATOLIK ST CAROLUS,SMA,A,303,10,22,6,12,7,1,1000000,Kurikulum Merdeka,Yayasan Tarakanita,9,5,1992,33,82500,33660000000,5220,8020000,41864400000,http://sma-carolus-sby.tarakanita.co.id,1,1,1
20531923,SDI DARUT TAQWA,SD,A,307,14,21,5,17,3,1,950000,Kurikulum Merdeka,LPI Darut Taqwa,3,3,1997,28,66000,26928000000,2275,24000000,54600000000,http://www.daruttaqwa.sch.id,1,1,1
20532493,SMP SANTO CAROLUS,SMP,A,321,10,18,7,13,4,1,900000,Kurikulum Merdeka,Yayasan Tarakanita,9,5,1988,37,90000,0,3750,8020000,30075000000,http://smp-carolus-sby.tarakanita.or.id/,1,1,1
20532989,SD ISLAM RADEN PAKU SURABAYA,SD,A,323,13,16,3,15,1,1,150000,Kurikulum Merdeka,LP. MA'ARIF NU KOTA SURABAYA,31,4,2011,14,6598,2691984000,1850,12000000,22200000000,-,1,0,1
20532146,SMAS KATOLIK STELLA MARIS,SMA,A,324,10,19,6,19,5,2,2050000,Kurikulum Merdeka,Perkumpulan Dharmaputri,6,5,1967,58,36000,14688000000,2640,9840000,25977600000,http://smastellamarissby.sch.id,1,1,1
20532500,SMP MUHAMMADIYAH 11,SMP,A,325,11,17,6,15,3,1,600000,Kurikulum Merdeka,Pimpinan Daerah Muhammadiyah (PDM) Kota Surabaya,134,8,1988,37,25000,10200000000,750,9840000,7380000000,http://www.smpmuh11sby.sch.id,1,1,1
20533013,SD K. PETRA 9 SURABAYA,SD,A,577,21,31,5,29,4,1,1050000,Kurikulum Merdeka,Perhimpunan Pendidikan dan Pengajaran Kristen Petra,25,6,1991,34,250000,102000000,7050,8020000,56541000000,http://pppkpetra.or.id,1,1,0
69880902,TK ISLAM TERPADU AR-RAYYAN,TK,A,119,5,9,1,6,0,1,675000,Kurikulum Merdeka,Daarut Tarbiyyatil Ummah,5,5,2010,15,33000,1346400000,850,6680000,5678000000,https://ppdb.arrayyan.sch.id/,1,1,1
69812572,TK AT-TAQWA,TK,A,186,11,11,2,9,0,1,600000,Kurikulum Merdeka,YAYASAN AT-TAQWA,8,6,2013,12,22000,897600000,735,13300000,9775500000,http://preschoolattaqwa.sch.id,1,1,1
20532377,SMAS BARUNAWATI,SMA,A,506,15,30,5,21,6,1,1000000,Kurikulum Merdeka,BARUNAWATI BIRU SURABAYA,5,5,1983,42,15600,6364800000,3150,7000000,22050000000,http://www.sma-barunawati.sch.id,1,1,0
69786332,SMA ISLAM TERPADU AL USWAH,SMA,A,357,13,21,2,13,2,1,1000000,Kurikulum Merdeka,Ukhuwah Islamiyah,3,3,2013,12,31000,12648000000,2052,12000000,24624000000,http://www.smait.aluswahsby.sch.id,1,1,1
20531850,SD AL - IRSYAD,SD,A,560,24,39,5,28,2,1,1000000,Kurikulum Merdeka,Yayasan Perguruan Al Irsyad Surabaya (YPAS),6,6,1924,101,207000,84456000000,3150,6670000,21010500000,http://www.sdalirsyad.ypas.or.id,1,1,0
20579281,SMP RAUDLATUL JANNAH,SMP,A,424,15,24,2,15,2,1,1000000,Kurikulum Merdeka,Yayasan Masjid Raudlatul Jannah,8,7,2011,14,131000,,3192,7530000,24035760000,http://smprj.sch.id,0,1,0
20540071,SMA RAUDLATUL JANNAH,SMA,A,176,6,11,3,9,2,1,1000000,Kurikulum Merdeka,Yayasan Masjid Raudlatul Jannah,8,7,2018,7,13000,,3381,4500000,15214500000,http://www.raudlatuljannah.sch.id,0,1,0
70024270,TK CHALIDANA ISLAMIC SCHOOL,TK,A,36,3,3,1,3,0,0,1000000,Kurikulum Merdeka,YAYASAN ILYAS SAFIRA,7,3,2022,3,2200,,451584,3500000,1580544000000,-,0,0,0
20532399,SMAS GALUH HANDAYANI,SMA,A,32,3,1,1,3,3,1,950000,Kurikulum Merdeka,YAYASAN BIMBINGAN PENINGKATAN PRESTASI SISWA,4,4,1997,28,12,4896000,1000,15630000,15630000000,http://www.galuhhandayani.or.id,1,1,0
20532483,SMP TARUNA JAYA I,SMP,A,547,18,18,8,19,2,1,900000,Kurikulum Merdeka,YAYASAN PENDIDIKAN TARUNA JAYA SURABAYA,1,1,1986,39,23000,938400000,9360,9390000,87890400000,http://www.tarunajaya.sch.id,1,1,0
20533072,SD MUHAMMADIYAH 20,SD,A,370,16,23,2,18,2,1,375000,Kurikulum Merdeka,Pimpinan Daerah Muhammadiyah (PDM) Kota Surabaya,134,8,2009,16,77000,3141600000,1407,21280000,29940960000,http://www.sekolahkreatif20.sch.id,1,1,1
69988234,SMP HANG TUAH 6 EXCELLENT JUANDA,SMP,A,277,8,11,5,8,2,0,900000,Kurikulum Merdeka,HANG TUAH CABANG SURABAYA,35,6,2019,6,20000,,2036,5800000,11808800000,http://www.smphangtuah6excellent.sch.id,0,1,0
20532637,SMP KATOLIK ANGELUS CUSTOS,SMP,A,380,14,32,6,24,3,1,1000000,Kurikulum Merdeka,Mardi Wiyata,4,3,1948,77,150000,61200000000,10000,9840000,98400000000,http://www.smpkangeluscustos1.sch.id,1,1,1
20533044,SD ISLAM AL AZHAR KELAPA GADING SURABAYA,SD,A,385,16,24,6,16,2,1,930000,Kurikulum Merdeka,YAYASAN AL AZHAR KELAPA GADING,4,4,2002,23,66000,26928000000,5285,15750000,83238750000,http://www.sby.alazka.sch.id,1,1,1
20533071,SD MUHAMMADIYAH 8 SURABAYA,SD,A,391,17,22,4,18,3,1,375000,Kurikulum Merdeka,Pimpinan Daerah Muhammadiyah (PDM) Kota Surabaya,134,8,1978,47,36000,14688000000,9438,15750000,148648500000,http://sdm8sby.sch.id,1,1,1
20572027,SDIT PERMATA,SD,B,362,14,14,3,14,2,1,850000,Kurikulum Merdeka,YAYASAN PENDIDIKAN ISLAM PERMATA SURABAYA,4,4,2010,15,16500,6732000000,1072,5700000,6110400000,http://sitpermatasby.sch.id,1,1,0
20570733,TK KHAZANAH ILMU,TK,B,62,6,5,1,6,0,1,850000,Kurikulum Merdeka,YAYASAN KHAZANAH ILMU,3,2,2008,17,13000,,100000,5500000,550000000000,http://www.khazanahilmu.sch.id,0,1,0
69763360,TK ISLAM TERPADU AL USWAH 2,TK,A,42,3,4,2,5,0,2,550000,Kurikulum Merdeka,,0,0,2011,14,2200,897600000,360,16890000,6080400000,-,1,0,1
20532183,SMKS KAL 1 SURABAYA,SMK,A,661,23,42,5,21,2,1,800000,Kurikulum Merdeka,HANG TUAH CABANG SURABAYA,25,6,1977,48,129999,53039592000,7809,9840000,76840560000,http://www.smkkal-1.sch.id,1,1,0
20532151,SMA KATOLIK ST LOUIS 2,SMA,A,404,12,18,12,12,5,1,2100000,Kurikulum Merdeka,Yayasan Lazaris,4,3,1983,42,28000,11424000000,4560,16040000,73142400000,http://smakstlouis2.sch.id,1,1,1
20549496,SD SANTO CAROLUS,SD,A,405,13,19,9,17,2,1,800000,Kurikulum Merdeka,Yayasan Tarakanita,9,5,2011,14,105000,42840000000,3200,8020000,25664000000,http://www.sd-carolus-sby.tarakanita.sch.id,1,1,1
20539882,SD MUTIARA BUNDA 2,SD,A,154,6,6,1,8,2,1,800000,Kurikulum Merdeka,MUTIARA BUNDA 2,1,1,2004,21,23000,0,1419,5500000,7804500000,http://mutiarabunda.sch.id,0,1,0
20532606,SMP YPPI-1,SMP,A,120,6,10,4,6,3,1,750000,Kurikulum Merdeka,YAYASAN PENDIDIKAN DAN PENGAJARAN INDONESIA (YPPI),15,10,1976,49,33000,13464000000,2502,6680000,16713360000,http://yppi.sch.id/contact.php,1,1,0
69856217,SMA PEMBANGUNAN JAYA 2,SMA,A,202,6,14,2,8,5,1,750000,Kurikulum Merdeka,YAYASAN PENDIDIKAN JAYA,9,5,2014,11,105000,0,2960,5000000,14800000000,http://smapjsidoarjo.sch.id/,0,1,0
20532266,SMKS 17 AGUSTUS 1945 SURABAYA,SMK,A,738,26,40,6,35,3,1,700000,Kurikulum Merdeka,PERKUMPULAN PENGELOLA PENDIDIKAN SARASWATI,1,1,1996,29,105000,42840000000,4017,12000000,48204000000,http://www.smktag.sch.id,1,1,0
20532133,SMA KRISTEN GLORIA 1,SMA,A,411,14,34,8,22,7,1,2350000,Kurikulum Internasional,YAYASAN PENDIDIKAN KRISTEN GLORIA,14,5,1984,41,197000,80376000000,5464,13750000,75130000000,http://www.gloriaschool.org,1,1,1
20533069,SD MUHAMMADIYAH 6 SURABAYA,SD,A,411,18,25,8,18,3,1,700000,Kurikulum Merdeka,Pimpinan Daerah Muhammadiyah (PDM) Kota Surabaya,134,8,1961,64,66000,26928000000,1632,16890000,27564480000,http://www.sdmusix.com,1,1,1
20551658,SD KREATIF THE NAFF,SD,A,206,11,19,2,13,0,1,700000,Kurikulum Merdeka,YAYASAN NAFF PALIL,7,4,2007,18,5500,0,960,2670000,2563200000,http://www.thenaff.com,0,1,0
69896629,SD SINAR MULIA INDONESIA,SD,A,129,6,10,3,7,2,1,650000,Kurikulum Merdeka,Yayasan Menorah Indonesia,6,6,2015,10,57993,23661144000,800,7760000,6208000000,http://smischool.sch.id,1,1,0
20573303,SD ISLAM AL AZHAR 35 SURABAYA,SD,A,416,18,24,3,18,2,1,5300000,Kurikulum Internasional,YAYASAN PESANTREN ISLAM AL AZHAR CABANG JAWA TIMUR,6,4,2010,15,50000,2040000000,2901,15750000,45690750000,http://www.sdia35.sch.id,1,1,1
69991625,SD ISLAM TERPADU AT TAQWA 2,SD,A,422,18,25,5,18,1,1,1400000,Kurikulum Internasional,YAYASAN AT-TAQWA,8,6,2019,6,99000,40392000000,1154,12670000,14621180000,http://sd2.sekolahattaqwa.sch.id,1,1,1
20532730,SMP KATOLIK SANTA CLARA,SMP,A,425,15,33,5,15,3,1,1050000,Kurikulum Merdeka,Yayasan Puspita Kencana,4,4,1973,52,25000,10200000000,4698,15630000,73429740000,http://www.sanclar-mc.sch.id,1,1,1
20571470,SMP UNGGULAN BAITUL FATAH,SMP,B,360,12,16,4,12,2,1,650000,Kurikulum Merdeka,YAYASAN PENDIDIKAN ISLAM BAITUL FATTAH,3,3,2009,16,10600,4324800000,1422,8890000,12641580000,http://www.baitulfaah.sch.id,1,1,0
20532162,SMAS MUHAMMADIYAH 3 SURABAYA,SMA,A,431,14,26,8,21,5,1,550000,Kurikulum Merdeka,"Pimpinan Wilayah Muhammadiyah (PWM), Jawa Timur",7,2,1978,47,50000,20400000000,2510,16890000,42393900000,http://smamgasby.sch.id,1,1,1
20532848,SD ROUDLOTUL ULUM,SD,A,501,17,20,2,17,1,1,650000,Kurikulum Merdeka,YAYASAN MASJID ROUDLOTUL ULUM DUPAK BARU,1,1,1971,54,21000,8568000000,527,21280000,11214560000,http://sdroudlotululum.com,1,1,0
20584023,SD ISLAM TERPADU DAARUL MUTTAQIEN,SD,A,440,15,22,4,24,2,1,700000,Kurikulum Merdeka,Yayasan Pesantren Terpadu Daarul Muttaqien,2,2,2012,13,105000,42840000000,168,8890000,1493520000,http://daarulmuttaqien.sch.id,1,1,1
20532171,SMAS MUHAMMADIYAH 1,SMA,A,442,14,26,2,15,2,1,1000000,Kurikulum Merdeka,"Pimpinan Wilayah Muhammadiyah (PWM), Jawa Timur",7,2,1978,47,45000,1836000000,4000,6680000,26720000000,http://smam1-sby.sch.id,1,1,1
20563932,SDS MUHAMMADIYAH 26,SD,A,446,19,31,6,21,2,1,750000,Kurikulum Merdeka,Pimpinan Daerah Muhammadiyah (PDM) Kota Surabaya,134,8,2009,16,66000,26928000000,1580,12000000,18960000000,http://www.sdmuh26sby.sch.id,1,1,1
20533062,SD KYAI IBRAHIM,SD,A,518,19,25,6,23,1,1,650000,Kurikulum Merdeka,Yayasan Sosial dan Pendidikan Kyai Ibrahim,1,1,1969,56,60,24480000,600,8020000,4812000000,http://www.sdkyaiibrahim.com,1,1,0
20532113,SMAS WIJAYA PUTRA,SMA,A,374,12,22,3,12,6,1,600000,Kurikulum Merdeka,YAYASAN INSAN INDONESIA MANDIRI,3,3,1992,33,250000,102000000000,4000,5700000,22800000000,http://www.wijayaputra.sch.id,1,1,0
20532492,SMP SANTA MARIA,SMP,A,463,15,24,11,15,4,1,2000000,Kurikulum Merdeka,Yayasan Paratha Bhakti,5,5,1948,77,32999,13463592000,5250,32070000,168367500000,http://www.smp.sanmarosu.org,1,1,1
20552198,SMKS FARMASI SURABAYA,SMK,A,407,12,25,15,21,4,1,600000,Kurikulum Merdeka,Yayasan Kepharmasian Surabaya,3,3,1971,54,98999,40391592000,2409,27590000,66464310000,http://www.smkfarmasisurabaya.sch.id,1,1,0
20532744,SMP KRISTEN PETRA 5 SURABAYA,SMP,A,471,16,32,13,21,5,1,1250000,Kurikulum Merdeka,Perhimpunan Pendidikan dan Pengajaran Kristen Petra,25,6,1990,35,196000,79968000000,3654,8020000,29305080000,http://smp5.pppkpetra.or.id,1,1,1
20532704,SMKS WIJAYA PUTRA SURABAYA,SMK,A,460,18,34,6,18,4,1,600000,Kurikulum Merdeka,YAYASAN INSAN INDONESIA MANDIRI,3,3,1989,36,197000,80376000000,4000,5700000,22800000000,http://wijayaputra.sch.id,1,1,0
20539988,SMP MIFTAHUL ULUM,SMP,B,156,6,9,2,6,2,1,600000,Kurikulum Merdeka,MIFTAHUL ULUM,51,8,2015,10,4800,0,,1000000,,-,0,0,0
20532131,SMAS KATOLIK FRATERAN,SMA,A,496,14,35,13,44,4,1,1500000,Kurikulum Merdeka,Mardi Wiyata,4,3,1964,61,93000,37944000000,2904,9840000,28575360000,http://frateran.sch.id,1,1,1
20532404,SMAS GIKI 3 SURABAYA,SMA,A,154,6,11,8,10,4,1,550000,Kurikulum Merdeka,Yayasan GITA KIRTTI Surabaya,9,5,2006,19,170000,69360000000,1873,12000000,22476000000,http://www.smagiki3sby.sch.id,1,1,0
69976787,SD LABSCHOOL UNESA 2,SD,A,280,14,18,3,13,1,1,550000,Kurikulum Merdeka,Yayasan Dharma Wanita Universitas Negeri Surabaya,11,7,2016,9,14000,5712000000,1000,12670000,12670000000,http://sdlabschoolunesa2.sch.id,1,1,0
20532087,SMAS SANTA MARIA,SMA,A,506,15,29,10,26,7,2,2100000,Kurikulum Merdeka,Yayasan Paratha Bhakti,5,5,1951,74,32999,0,1500,32070000,48105000000,https://sma-sby.sanmarosu-jatim.sch.id/,1,1,1
20532368,SMA LABSCHOOL UNESA 1,SMA,A,392,12,13,2,12,6,1,550000,Kurikulum Merdeka,Yayasan Dharma Wanita Universitas Negeri Surabaya,11,7,1994,31,10000,4080000000,10000,12670000,126700000000,http://www.labschool-unesa.com,1,1,0
20532993,SDIT AL USWAH SURABAYA,SD,A,515,19,31,13,19,2,1,1130000,Kurikulum Merdeka,Ukhuwah Islamiyah,3,3,2002,23,33000,13464000000,2925,12000000,35100000000,http://sdit.aluswahsby.sch.id,1,1,1
20501847,SMA HANG TUAH 2 GEDANGAN,SMA,A,1267,35,39,16,36,6,1,545000,Kurikulum Merdeka,HANG TUAH CABANG SURABAYA,35,6,1988,37,99000,0,,5000000,,http://www.smahangtuah2sda.sch.id,0,1,0
20532766,SMP GIKI 1,SMP,A,430,13,20,10,13,3,1,525000,Kurikulum Merdeka,Yayasan GITA KIRTTI Surabaya,9,5,1958,67,35000,14280000000,7500,24000000,180000000000,https://smpgiki1sby.sch.id/,1,1,0
69976788,SMP LABSCHOOL UNESA 3,SMP,A,209,8,17,2,9,2,2,500000,Kurikulum Merdeka,Yayasan Dharma Wanita Universitas Negeri Surabaya,11,7,2016,9,66000,2692800000,7260,12670000,91984200000,http://www.spelabsa.sch.id/,1,1,0
20532373,SMAS DHARMA WANITA SURABAYA,SMA,A,361,12,13,8,16,5,1,500000,Kurikulum Merdeka,Yayasan Dharma Wanita Persatuan Kota Surabaya,3,3,1983,42,53000,21624000000,6034,10000000,60340000000,http://smadhanisby.sch.id/,1,1,0
20531930,SDS SEKOLAH ALAM INSAN MULIA SURABAYA,SD,A,534,22,30,1,24,5,1,1600000,Kurikulum Merdeka,YAYASAN INSAN MULIA,5,5,2000,25,33000,1346400000,1089,12000000,13068000000,http://www.saim.sch.id,1,1,1
69763591,KB DON BOSCO,KB,A,20,3,3,0,3,0,0,500000,Kurikulum Merdeka,Yayasan Santa Louisa,5,4,1996,29,23000,9384000000,3720,16040000,59668800000,http://www.tkkdonboscosby.com,1,1,0
69763674,KB CITRA BERKAT,KB,A,24,2,1,1,2,0,0,500000,Kurikulum Merdeka,YAYASAN CITRA BERKAT,5,5,2006,19,5000,2040000000,5000,5700000,28500000000,http://citraberkat.sch.id,1,1,0
20558611,SMP KRISTEN GLORIA 2,SMP,A,552,19,38,8,27,4,1,2100000,Kurikulum Merdeka,YAYASAN PENDIDIKAN KRISTEN GLORIA,14,5,2008,17,11000,4488000000,5000,15750000,78750000000,http://www.gloriaschool.org,1,1,1
20532370,SMAS DAPENA 1 SURABAYA,SMA,B,22,3,9,3,7,5,1,500000,Kurikulum Merdeka,DAPENA,4,4,1976,49,3500,1428000000,2510,15630000,39231300000,http://yysdapena.blogspot.com,1,0,0
20533115,SD KRISTEN GLORIA 2 SURABAYA,SD,A,561,22,29,4,26,3,1,2250000,Kurikulum Internasional,YAYASAN PENDIDIKAN KRISTEN GLORIA,14,5,1996,29,55000,22440000000,4000,24000000,96000000000,http://www.gloriaschool.org,1,1,1
20532762,SMP HANG TUAH 1,SMP,A,612,18,25,10,21,3,1,500000,Kurikulum Merdeka,HANG TUAH CABANG SURABAYA,25,6,1958,67,86000,35088000000,2538,16890000,42866820000,http://www.smphangtuah1sby.sch.id/,1,1,0
20532387,SMAS DR SOETOMO,SMA,A,654,19,32,19,20,5,1,500000,Kurikulum Merdeka,YAYASAN PENDIDIKAN CENDEKIA UTAMA,3,3,1983,42,14000,5712000000,7250,12000000,87000000000,https://smadrsoetomo.sch.id,1,1,0
20573861,SMKS WACHID HASYIM 2 SURABAYA,SMK,A,1313,39,42,6,39,5,1,500000,Kurikulum Merdeka,WACHID HASYIM SURABAYA,11,5,2007,18,66000,26928000000,4590,5090000,23363100000,http://smkwh2-sby.sch.id,1,1,0
20532138,SMAS KATOLIK SANTA AGNES,SMA,A,596,18,35,6,23,6,1,1200000,Kurikulum Merdeka,YAYASAN YOSEPH FREINADEMETZ,3,3,1964,61,36000,14688000000,3900,8570000,33423000000,http://smakstagnes.sch.id,1,1,1
20558613,SD KRISTEN GLORIA 3,SD,A,605,25,43,8,34,3,1,2250000,Kurikulum Internasional,YAYASAN PENDIDIKAN KRISTEN GLORIA,14,5,2008,17,138000,56304000000,5000,15750000,78750000000,http://www.gloriaschool.org/,1,1,1
20533139,SD LABSCHOOL UNESA 1,SD,A,299,13,26,6,18,4,2,455000,Kurikulum Merdeka,Yayasan Dharma Wanita Universitas Negeri Surabaya,11,7,1999,26,13200,5385600000,4915,10420000,51214300000,http://sdls1.labschoolunesa.sch.id/,1,1,0
20539237,SMAS KR PIRNGADI,SMA,A,85,3,11,1,19,1,1,450000,Kurikulum Merdeka,YBPPK PIRNGADI,4,4,1978,47,25000,10200000000,2150,21280000,45752000000,http://www.smakpirngadi-surabaya.sch.id,1,1,0
20532149,SMAS KEMALA BHAYANGKARI 1 SURABAYA,SMA,A,910,26,33,9,37,5,2,450000,Kurikulum Merdeka,Yayasan Kemala Bhayangkari,22,5,1988,37,124998,50999184000,3870,10420000,40325400000,http://www.smakmlbhayangkari1sby.sch.id,1,1,0
20532194,SMKS KRISTEN PETRA SURABAYA,SMK,A,636,21,35,15,21,3,1,1700000,Kurikulum Merdeka,Perhimpunan Pendidikan dan Pengajaran Kristen Petra,25,6,2006,19,276000,112608000000,8000,8020000,64160000000,http://smk.pppkpetra.or.id,1,1,1
20532677,SMKS KATOLIK ST LOUIS,SMK,A,654,24,40,20,18,2,1,1250000,Kurikulum Merdeka,Yayasan Lazaris,4,3,1978,47,150000,61200000000,2275,16040000,36491000000,http://www.smkstlouis.sch.id,1,1,1
20532692,SMKS TEKNIK PAL SURABAYA,SMK,A,996,28,46,4,28,3,2,450000,Kurikulum Merdeka,Pusdiklat PAL Indonesia,1,1,2001,24,66000,26928000000,8000,7000000,56000000000,http://smkteknikpal.sch.id,1,1,0
20532180,SMKS KETINTANG SURABAYA,SMK,A,1765,53,74,21,54,5,1,450000,Kurikulum Merdeka,YAYASAN PENDIDIKAN WIDYA DHARMA SURABAYA,2,2,2010,15,140000,57120000000,8120,16890000,137146800000,http://smkketintang.sch.id,1,1,0
20532670,SMP AL HIKMAH SURABAYA,SMP,A,659,22,73,14,37,4,1,2500000,Kurikulum Merdeka,YAYASAN LEMBAGA PENDIDIKAN ISLAM AL HIKMAH,2,2,2001,24,150000,6120000000,11000,8100000,89100000000,http://www.alhikmahsby.sch.id,1,1,1
69988281,SMK TELKOM SIDOARJO,SMK,A,717,22,30,5,22,4,1,450000,Kurikulum Merdeka,Yayasan Pendidikan Telkom,45,7,2019,6,131000,0,7125,4500000,32062500000,http://www.smktelkom-sda.sch.id,0,1,0
20531846,SD AL FALAH SURABAYA,SD,A,683,25,37,6,31,3,1,1510000,Kurikulum Merdeka,Yayasan Masjid Al Falah Surabaya,3,3,1991,34,130000,53040000000,1128,16890000,19051920000,http://www.alfalahsby.com,1,1,1
20532530,SMP MUHAMMADIYAH 5 SURABAYA,SMP,A,689,22,31,20,22,3,1,1100000,Kurikulum Merdeka,Pimpinan Daerah Muhammadiyah (PDM) Kota Surabaya,134,8,1971,54,49999,20399592000,840,15630000,13129200000,http://www.spemma.sch.id,1,1,1
P9997216,PKBM IBADURRAHMAN,PKBM,A,182,10,16,3,11,0,0,445000,Kurikulum Merdeka,,0,0,2020,5,5500,0,,4500000,,-,0,0,0
20549721,SMAS AL HIKMAH SURABAYA,SMA,A,690,21,61,16,30,6,2,2800000,Kurikulum Merdeka,YLPI Al Hikmah,1,1,2005,20,80000,195840000000,11000,8100000,89100000000,http://sma.alhikmahsby.sch.id/,1,1,1
20532975,SD ISLAM MARYAM,SD,A,706,28,34,3,30,2,2,400000,Kurikulum Merdeka,YAYASAN MARYAM SURABAYA,5,5,2011,14,64000,26112000000,4368,15630000,68271840000,http://www.sdislammaryam.sch.id,1,1,1
20540048,SMA ANTARTIKA,SMA,A,1435,40,60,26,40,6,2,430000,Kurikulum Merdeka,YAYASAN PENDIDIKAN WAHYUHANA SURABAYA,6,3,1974,51,900,0,8731,3500000,30558500000,http://www.smaantarda.org,0,1,0
20549495,SD ISLAM TERPADU AT-TAQWA,SD,A,726,24,31,3,29,3,1,800000,Kurikulum Merdeka,YAYASAN AT-TAQWA,8,6,2007,18,33000,13464000000,1536,12670000,19461120000,-,1,0,1
20533142,SD KRISTEN PETRA 10 SURABAYA,SD,A,729,24,32,4,24,2,1,1050000,Kurikulum Merdeka,Perhimpunan Pendidikan dan Pengajaran Kristen Petra,25,6,1984,41,164000,66912000000,3460,13750000,47575000000,http://sd10.pppkpetra.sch.id,1,1,1
20532256,SMKS BUBUTAN,SMK,B,174,9,16,4,10,4,1,400000,Kurikulum Merdeka,YAYASAN LEMBAGA PENAMBAH PENDIDIKAN UMUM DAN KEJURUAN PERWAKILAN SURABAYA,1,1,1977,48,5500,2244000000,369,21280000,7852320000,http://www.smkbubutan-sby.sch.id,1,1,0
20532521,SMP KRISTEN PETRA 3,SMP,A,741,25,49,11,28,4,1,1400000,Kurikulum Merdeka,Perhimpunan Pendidikan dan Pengajaran Kristen Petra,25,6,1983,42,345000,140760000000,4692,15750000,73899000000,http://smp3.pppkpetra.or.id,1,1,1
20570825,SMAS KRISTEN GLORIA 2 SURABAYA,SMA,A,746,23,44,8,36,6,1,2350000,Kurikulum Internasional,YAYASAN PENDIDIKAN KRISTEN GLORIA,14,5,2010,15,15000,6120000000,6000,15750000,94500000000,http://www.gloriaschool.org,1,1,1
20533108,SD KRISTEN PETRA 5,SD,A,765,24,42,4,25,2,2,1050000,Kurikulum Merdeka,Perhimpunan Pendidikan dan Pengajaran Kristen Petra,25,6,1972,53,190000,77520000000,6000,12000000,72000000000,http://www.pppkpetra.or.id,1,1,1
20559067,TK INTAN PERMATA HATI,TK,A,59,4,3,2,4,0,1,400000,Kurikulum Merdeka,Yayasan Intan Eduka,10,5,2001,24,97000,39576000000,2500,13750000,34375000000,http://www.iphschools.sch.id,1,1,0
20532746,SMP KRISTEN PETRA 1,SMP,A,775,26,50,12,27,4,2,1400000,Kurikulum Merdeka,Perhimpunan Pendidikan dan Pengajaran Kristen Petra,25,6,1987,38,197000,80376000000,8000,24000000,192000000000,http://www.smp1.pppkpetra.co.id,1,1,1
20532792,SMP INSTITUT INDONESIA,SMP,B,98,4,6,1,6,2,1,400000,Kurikulum Merdeka,YAYASAN INSTITUT INDONESIA 48,1,1,1980,45,1300,530400000,1360,15750000,21420000000,http://smpiisby.sch.id/,1,1,0
20533077,SD MUHAMMADIYAH 11,SD,A,793,24,33,5,26,1,1,600000,Kurikulum Merdeka,Pimpinan Daerah Muhammadiyah (PDM) Kota Surabaya,134,8,2009,16,33000,13464000000,800,9840000,7872000000,http://www.sdm11sby.sch.id,1,1,1
20554119,SMKS PURUHITA SURABAYA,SMK,B,26,0,4,2,0,0,0,400000,Kurikulum Merdeka,Yayasan Wijaya Kusuma,1,1,,0,,0,80,16890000,1351200000,http://www.smkpuruhita.com,1,1,0
20560512,TK CITRA BERKAT,TK,A,142,6,6,1,7,0,1,400000,Kurikulum Merdeka,YAYASAN CITRA BERKAT,5,5,2005,20,5000,68000000,6000,5700000,34200000000,-,1,0,0
20532108,SMAS WACHID HASYIM 1 SURABAYA,SMA,A,658,19,33,8,19,5,1,400000,Kurikulum Merdeka,WACHID HASYIM SURABAYA,11,5,1976,49,33000,448800000,3500,9390000,32865000000,http://sma-waha1.sch.id,1,1,1
20561736,TK AGRIPINA,TK,A,44,2,2,1,6,0,0,400000,Kurikulum Merdeka,,0,0,2001,24,5000,68000000,10200,7760000,79152000000,-,1,0,0
69763431,KB AGRIPINA,KB,A,17,2,2,1,2,0,1,400000,Kurikulum Merdeka,,0,0,2009,16,,0,10200,7760000,79152000000,-,1,0,0
20532480,SMP TAMAN PELAJAR,SMP,A,798,24,32,8,24,4,1,400000,Kurikulum Merdeka,YAYASAN PENDIDIKAN TAMAN PELAJAR,1,1,1948,77,68999,938386400,2704,13750000,37180000000,http://www.smptp.sch.id,1,1,0
20531858,SD AL HIKMAH GAYUNGAN,SD,A,1047,36,70,8,36,3,1,1900000,Kurikulum Merdeka,YAYASAN LEMBAGA PENDIDIKAN ISLAM AL HIKMAH,2,2,1990,35,300000,4080000000,6000,10420000,62520000000,http://www.sd.alhikmahsby.sch.id,1,1,1
20532163,SMAS MUHAMMADIYAH 2,SMA,A,1107,31,63,26,37,7,1,990000,Kurikulum Merdeka,"Pimpinan Wilayah Muhammadiyah (PWM), Jawa Timur",7,2,1980,45,33000,448800000,4269,15630000,66724470000,http://www.smamda.net,1,1,1
69924936,KB SANG KHALIFAH SCHOOL (SAKHA SCHOOL),KB,A,133,9,15,2,9,0,1,400000,Kurikulum Merdeka,SANG KHALIFAH SCHOOL (SAKHA SCHOOL),1,1,2015,10,5500,74800000,130,5000000,650000000,-,0,0,1
20561993,TK DON BOSCO,TK,A,97,7,8,1,7,0,0,390000,Kurikulum Merdeka,Yayasan Santa Louisa,5,4,1988,37,23000,312800000,3720,16040000,59668800000,http://tkdonboscosby.com,1,1,0
20532145,SMA KATOLIK ST.LOUIS 1,SMA,A,1328,37,60,34,41,6,1,2200000,Kurikulum Merdeka,Yayasan Lazaris,4,3,1989,36,436800,5940480000,2600,32070000,83382000000,http://www.smakstlouis1sby.sch.id,1,1,1
20533068,SD MUHAMMADIYAH 4 SURABAYA,SD,A,1445,52,79,10,55,4,1,1500000,Kurikulum Internasional,Pimpinan Daerah Muhammadiyah (PDM) Kota Surabaya,134,8,1978,47,100000,1360000000,1854,15630000,28978020000,http://www.mudipat.co,1,1,1
20533118,SD KHM NOER,SD,A,482,18,22,4,9,3,1,380000,Kurikulum Merdeka,KH M NOER,2,2,2010,15,5500,74800000,910,9390000,8544900000,http://www.khm.noer.com,1,1,0
20532767,SMP GEMA 45 SURABAYA,SMP,A,490,15,22,5,21,3,1,380000,Kurikulum Merdeka,YAYASAN PERJUANGAN 45,3,3,1990,35,23000,312800000,3024,16040000,48504960000,http://smpgema.wordpress.com/,1,0,0
20552745,SMP LABSCHOOL UNESA 2,SMP,A,144,6,13,3,6,2,1,375000,Kurikulum Merdeka,Yayasan Dharma Wanita Universitas Negeri Surabaya,11,7,2005,20,66000,897600000,1170,10420000,12191400000,http://smplabsa2.sch.id,1,1,0
20532691,SMKS PRAPANCA 1 SURABAYA,SMK,B,48,6,8,2,9,1,1,375000,Kurikulum Merdeka,PENDIDIKAN WARTAWAN JAWA TIMUR,4,3,1993,32,33000,448800000,9897,12000000,118764000000,smk-prapanca.sch.id,1,1,0
20532634,SMP BAITUSSALAM,SMP,A,159,6,14,5,13,4,1,350000,Kurikulum Merdeka,Yayasan Masjid Baitussalam,1,1,1995,30,33000,448800000,1660,8100000,13446000000,-,1,0,0
20532605,SMP WACHID HASYIM 7 SURABAYA,SMP,A,581,19,28,8,19,2,1,350000,Kurikulum Merdeka,WACHID HASYIM SURABAYA,11,5,2007,18,23000,312800000,2180,5700000,12426000000,http://smpwachidhasyim7sby.blogspot.com,1,0,1
20532591,SMP WACHID HASYIM 1 SURABAYA,SMP,A,816,26,36,14,31,3,1,350000,Kurikulum Merdeka,WACHID HASYIM SURABAYA,11,5,1951,74,10000,136000000,4759,9390000,44687010000,http://smpwachidhasyim1sby.sch.id,1,1,1
20540097,SMK DARMA SISWA 1 SIDOARJO,SMK,A,505,13,19,4,12,5,1,350000,Kurikulum Merdeka,PPKKBHS,4,3,1990,35,83500,1135600000,4010,7530000,30195300000,-,0,0,0
20540082,SMK DARMA SISWA 2 SIDOARJO,SMK,A,416,12,22,4,13,2,1,350000,Kurikulum Merdeka,PPKKBHS,4,3,1992,33,6600,89760000,11000,7530000,82830000000,http://www.smkdarmasiswasidoarjo.sch.id,0,1,0
P9996968,PKBM IMAM MUSLIM ISLAMIC SCHOOL,PKBM,B,231,16,18,3,16,0,0,350000,Kurikulum Merdeka,,0,0,2018,7,27500,374000000,612,5500000,3366000000,http://imis.sch.id,0,1,1
69985175,SDI TARBIYATUL UMMAH,SD,A,217,11,9,2,11,1,1,350000,Kurikulum Merdeka,AL MANSHUR TARBIYATUL UMMAH,1,1,2021,4,10600,144160000,1600,3500000,5600000000,-,0,0,0
20502310,SD HANGTUAH 9,SD,A,201,11,14,2,22,2,1,350000,Kurikulum Merdeka,HANG TUAH CABANG SURABAYA,35,6,1996,29,22000,299200000,54180,2670000,144660600000,-,0,0,0
20540072,SMA WACHID HASYIM 2,SMA,A,1464,36,50,7,36,5,1,330000,Kurikulum Merdeka,YAYASAN PENDIDIKAN DAN SOSIAL MA`ARIF TAMAN SEPANJANG,25,7,1976,49,50000,680000000,1448,5500000,7964000000,http://www.smawh2.sch.id,0,1,0
20532267,SMKS 45 SURABAYA,SMK,A,524,19,30,14,34,3,1,325000,Kurikulum Merdeka,Pendidikan 45 Surabaya,1,1,,,21994,299118400,2292,15630000,35823960000,http://www.smk45sby.sch.id,1,1,0
20540046,SMA AL ISLAM KRIAN,SMA,A,1450,41,63,20,50,9,1,1000000,Kurikulum Merdeka,Yayasan Perguruan Al-Islam Krian,4,4,2020,5,23000,312800000,82110,2600000,213486000000,http://www.smaliska.sch.id,0,1,1
20532092,SMAS SASANA BHAKTI,SMA,B,80,5,10,2,6,2,1,325000,Kurikulum Merdeka,YAYASAN PENDIDIKAN SASANA BHAKTI,4,4,1970,55,10000,136000000,1879,7000000,13153000000,http://www.smasasanabhakti.wordpress.com,1,0,0
20533036,SD GIKI 1 SURABAYA,SD,A,145,6,10,4,6,2,1,300000,Kurikulum Merdeka,Yayasan GITA KIRTTI Surabaya,9,5,2011,14,12000,163200000,7500,16040000,120300000000,http://sdgiki1surabaya.com,1,1,0
20532191,SMK LABSCHOOL UNESA 1,SMK,B,288,10,16,5,10,4,1,300000,Kurikulum Merdeka,Yayasan Dharma Wanita Universitas Negeri Surabaya,11,7,1999,26,40000,544000000,5592,8570000,47923440000,http://smkikipsby.sch.id,1,1,0
20571417,SMK KESEHATAN BINA HUSADA,SMK,B,351,11,12,4,12,4,1,300000,Kurikulum Merdeka,PUTRA BINA CENDEKIA,1,1,2010,15,1200,16320000,2800,8570000,23996000000,http://smkkbinahusada.sby.go.id,1,1,0
20532615,SMP YP 17 SURABAYA,SMP,A,780,24,36,13,29,3,1,300000,Kurikulum Merdeka,YAYASAN PENDIDIKAN 17 JAWA TIMUR,2,2,1988,37,112196,1525865600,5360,9390000,50330400000,http://smpyp17sby.sch.id,1,1,0
20577261,SMK SEPULUH NOPEMBER SIDOARJO,SMK,A,1831,44,44,8,35,10,1,300000,Kurikulum Merdeka,Yayasan Purnama,6,5,2011,14,131000,1781600000,9896,3500000,34636000000,http://www.SMKepuluhnopembersda.sch.id/,0,1,0
20540064,SMA MUHAMMADIYAH 2,SMA,A,1150,32,59,47,39,10,2,450000,Kurikulum Merdeka,Pimpinan Wilayah Muhammadiyah (PWM) Prov. Jawa Timur,198,4,1978,47,,0,30229,4500000,136030500000,http://smamda.sch.id,0,1,1
69763271,SMA PLUS DARMA SISWA,SMA,A,77,3,6,1,3,4,1,300000,Kurikulum Merdeka,PPKKBHS,4,3,2019,6,6600,89760000,2407,7530000,18124710000,http://www.smaplusdarmasiswa.sch.id,0,1,0
20551763,SD MUHAMMADIYAH 1 PUCANGANOM SIDOARJO,SD,A,1041,36,57,19,36,2,1,690000,Kurikulum Merdeka,Pimpinan Daerah Muhammadiyah (PDM) Kab. Sidoarjo,108,9,1964,61,240000,3264000000,3558,4500000,16011000000,http://www.sdmuhida.sch.id/,0,1,1
20539873,SD ISLAM SABILILLAH FULL DAY SCHOOL SIDOARJO,SD,A,1029,35,59,8,36,3,1,500000,Kurikulum Merdeka,TPI SABILILLAH,3,3,2006,19,13000,176800000,3969,4500000,17860500000,http://www.sdislamsabilillah.sch.id/web/,0,1,1
20540058,SMA KEMALA BHAYANGKARI 3,SMA,A,1350,36,43,11,36,5,1,285000,Kurikulum Merdeka,Yayasan Kemala Bhayangkari,681,9,1983,42,5600,76160000,2940,1370000,4027800000,http://www.smabhayangkari3.sch.id,0,1,0
20539960,SMP AL ISLAM KRIAN,SMP,A,1000,31,43,12,42,7,1,230000,Kurikulum Merdeka,Yayasan Perguruan Al-Islam Krian,4,4,1986,39,259000,3522400000,3384,2600000,8798400000,-,0,0,1
20532538,SMP PGRI 17 SURABAYA,SMP,B,38,3,4,2,3,2,1,270000,Kurikulum Merdeka,Perwakilan YPLP PGRI Kota Surabaya,21,3,1979,46,5500,74800000,456,8100000,3693600000,http://www.smppgri17sby.go.id,1,1,0
20532115,SMAS YP 17 SURABAYA,SMA,B,122,6,19,6,8,2,1,250000,Kurikulum Merdeka,YAYASAN PENDIDIKAN 17 JAWA TIMUR,2,2,1990,35,44000,598400000,2000,6680000,13360000000,http://www.smayp17sby.blogspot.com/,1,0,0
20537037,SD ISLAM TERPADU INSAN KAMIL,SD,A,723,24,40,4,24,3,1,550000,Kurikulum Merdeka,Yayasan Pendidikan Islam Terpadu Insan Kamil,4,4,2006,19,2600,35360000,2980,4500000,13410000000,http://insankamilsidoarjo.sch.id/sdit-insan-kamil/,0,1,1
20532588,SMP LABSCHOOL UNESA 1,SMP,A,275,9,15,7,16,2,1,250000,Kurikulum Merdeka,Yayasan Dharma Wanita Universitas Negeri Surabaya,11,7,1998,27,42000,571200000,7600,9840000,74784000000,http://www.smpunesa1labschool.sch.id,1,1,0
60702938,SD ISLAM SARI BUMI,SD,A,650,24,41,2,24,2,1,700000,Kurikulum Merdeka,GROUP SARI BUMI,2,2,2011,14,105000,1428000000,6000,4500000,27000000000,http://www.groupsaribumi.com,0,1,1
20502396,SD ISLAM RAUDLATUL JANNAH,SD,A,641,24,35,4,24,1,1,450000,Kurikulum Merdeka,Yayasan Masjid Raudlatul Jannah,8,7,2004,21,150000,2040000000,3150,7530000,23719500000,http://www.raudlatuljannah.sch.id,0,1,1
20501861,SMA MUHAMMADIYAH 1 TAMAN,SMA,A,633,19,39,17,44,6,1,700000,Kurikulum Merdeka,Pimpinan Wilayah Muhammadiyah (PWM) Prov. Jawa Timur,198,4,1976,49,32998,448772800,2326,5500000,12793000000,http://www.smam1ta.sch.id,0,1,1
20539879,SD MUHAMMADIYAH 3,SD,A,632,24,39,7,26,3,10,500000,Kurikulum Merdeka,Pimpinan Daerah Muhammadiyah (PDM) Kab. Sidoarjo,108,9,2005,20,1199,16306400,3350,5500000,18425000000,http://sdikrom.sch.id,0,1,1
20502302,SD MUHAMMADIYAH 1 KRIAN,SD,A,613,22,33,7,28,2,1,450000,Kurikulum Merdeka,Pimpinan Daerah Muhammadiyah (PDM) Kab. Sidoarjo,108,9,1999,26,52800,718080000,1116,2600000,2901600000,http://www.sdmsakri.sch.id,0,1,1
20537100,SMP MUHAMMADIYAH 1 SIDOARJO,SMP,A,577,19,40,12,30,2,1,300000,Kurikulum Merdeka,Pimpinan Daerah Muhammadiyah (PDM) Kab. Sidoarjo,108,9,1974,51,14000,190400000,13203,4500000,59413500000,http://www.smpmusasi.sch.id,0,1,1
20532122,SMAS TANWIR SURABAYA,SMA,B,86,4,4,2,5,3,0,250000,Kurikulum Merdeka,TANWIR SURABAYA,6,5,2004,21,5000,68000000,7440,7500000,55800000000,http://smatanwirsurabaya.wordpress.com,1,0,0
20532258,SMK ADHIKAWACANA,SMK,A,853,26,50,10,26,5,1,250000,Kurikulum Merdeka,YAYASAN ADHIKAWACANA,1,1,2000,25,70000,952000000,2704,12000000,32448000000,http://smkadhikawacana.sch.id,1,1,0
20539947,SDIT NURUL FIKRI,SD,A,503,18,35,2,18,1,1,785000,Kurikulum Merdeka,Yayasan Ponpes Ath Thoyyibah Sidoarjo,4,4,2005,20,66000,897600000,3450,2200000,7590000000,http://www.nurulfikri-sda.com,0,1,1
20537097,SMP BUANA WARU,SMP,A,567,19,33,10,24,5,1,250000,Kurikulum Merdeka,Yayasan Badan Penyelenggara Pelaksana Pendidikan Ma'arif Nahdlatul Ulama,2,2,1998,27,60300,820080000,2400,7530000,18072000000,http://www.smpbuana.sch.id,0,1,0
20569646,SD ISLAM KREATIF MUTIARA ANAK SHOLEH,SD,A,440,18,20,2,20,2,1,625000,Kurikulum Internasional,MUTIARA ANAK SHOLEH,2,2,2020,5,66000,897600000,2635,2200000,5797000000,http://mutiaraanaksholeh.sch.id,0,1,1
69970485,SD ISLAM AL AZHAR 52,SD,A,426,19,23,2,19,2,1,650000,Kurikulum Merdeka,YAYASAN PESANTREN ISLAM AL AZHAR CABANG JAWA TIMUR,15,5,2017,8,197000,2679200000,6055,2670000,16166850000,http://sdialazhar52.sch.id/,0,1,1
69965440,SD Antawirya Islamic Javanese School,SD,A,344,12,21,4,12,0,1,250000,Kurikulum Merdeka,Al Amanah,3,3,2020,5,3000,40800000,2500,2600000,6500000000,http://www.sdantawirya.sch.id,0,1,1
20572081,SDIT HASANAH FIDDAROIN,SD,A,188,9,15,3,19,2,1,250000,Kurikulum Merdeka,HASANAH FIDDAROIN,1,1,2000,25,8000,108800000,428,7530000,3222840000,-,0,0,0
69986502,SMP ISLAM TERPADU AR RAHMAN,SMP,B,381,12,15,2,11,3,2,450000,Kurikulum Merdeka,YAYASAN BAITUR ROHMAN KEMANTREN,3,3,2019,6,1500,20400000,3900,1490000,5811000000,http://www.smpitarrohman.sch.id,0,1,1
20563771,TK ISLAM SABILILLAH,TK,A,378,23,23,1,25,0,1,300000,Kurikulum Merdeka,TPI SABILILLAH,3,3,2003,22,1500,20400000,672,4500000,3024000000,-,0,0,1
P9984425,PKBM BOARDING SCHOOL AL KAUTSAR,PKBM,A,365,16,12,1,16,0,1,3200000,Kurikulum Merdeka,,0,0,2018,7,82500,1122000000,90000,2200000,198000000000,http://alkautsarboardingschool.sch.id,0,1,1
20532150,SMAS KEMALA BHAYANGKARI 2,SMA,B,110,5,9,1,11,2,1,225000,Kurikulum Merdeka,Yayasan Kemala Bhayangkari,22,5,2016,9,20000,272000000,3700,9840000,36408000000,http://smakmlbhayangkari2sby.sch.d,1,1,0
69918831,SMP Islam Tanwirul Afkar,SMP,A,341,12,21,2,12,2,1,180000,Kurikulum Merdeka,Tanwirul Afkar,1,1,2012,13,11000,149600000,1527,2600000,3970200000,http://tanwirulafkar.or.id,0,1,1
20501692,SMK KRIAN 1 SIDOARJO,SMK,A,2559,65,66,20,34,11,2,220000,Kurikulum Merdeka,YAYASAN PEMBANGUNAN PENDIDIKAN KRIAN SIDOARJO,3,2,1971,54,11000,149600000,12506,2600000,32515600000,http://www.smkkrian1.sch.id,0,1,0
69957347,SD Islam Unggulan Al Maslachah,SD,A,323,13,16,5,13,1,1,175000,Kurikulum Merdeka,Al - Maslachah,3,3,2016,9,16500,224400000,600000,2200000,1320000000000,-,0,0,1
60702934,SMP Islam Terpadu Darul Fikri,SMP,A,295,10,19,4,17,2,1,1200000,Kurikulum Merdeka,Pondok Pesantren Darul Fikri Sidoarjo,2,2,2010,15,16500,224400000,3133,4500000,14098500000,http://www.darulfikri.com,0,1,1
69961425,SD ALAM AL IZZAH,SD,A,293,12,15,1,12,1,1,700000,Kurikulum Merdeka,YAYASAN UMMU AZIZAH,3,3,2017,8,5000,68000000,4000,2600000,10400000000,http://www.sekolahalamalizzah.com,0,1,1
20532497,SMP MABADIE KHOIRI UMMAH,SMP,B,42,3,5,4,3,2,1,200000,Kurikulum Merdeka,,0,0,1986,39,2200,29920000,105,32070000,3367350000,-,1,0,0
20539247,SMKS SIANG 1 STM SURABAYA,SMK,B,526,17,27,11,21,8,1,200000,Kurikulum Merdeka,Pendidikan Kejuruan dan Umum Surabaya,3,2,2021,4,33000,448800000,4286,13750000,58932500000,http://www.stmsiang.com,1,1,0
20540028,SMP KATOLIK ST YUSTINUS DE YACOBIS,SMP,A,259,9,13,3,13,2,1,450000,Kurikulum Merdeka,YOHANNES GABRIEL,154,6,1949,76,20298,276052800,1100,2600000,2860000000,http://smpkstyustinusdeyacobiskrian.sch.id,0,1,1
69900159,SD ISLAM TERPADU INSAN CENDEKIA,SD,B,256,11,14,3,11,1,1,565000,Kurikulum Merdeka,NURUL INSAN CENDEKIA,1,1,2015,10,11000,149600000,1936,2600000,5033600000,http://www.insancendekia.ac.id,0,1,1
20539959,SMP AL FATTAH,SMP,A,249,9,16,3,13,3,1,1185000,Kurikulum Merdeka,YAYASAN PONDOK PESANTREN AL FATTAH 1986,2,2,1987,38,200000,2720000000,10000,3500000,35000000000,http://ponpesalfattahsidoarjo.com,0,1,1
20501686,SMP MUHAMMADIYAH 6 KRIAN,SMP,A,248,8,21,6,18,3,1,475000,Kurikulum Merdeka,Pimpinan Daerah Muhammadiyah (PDM) Kab. Sidoarjo,108,9,1978,47,31968,434764800,2646,2600000,6879600000,http://smpmuhammadiyah6krian.sch.id,0,1,1
20532485,SMP SASANA BHAKTI,SMP,B,47,3,4,5,6,2,1,200000,Kurikulum Merdeka,YAYASAN PENDIDIKAN SASANA BHAKTI,4,4,1976,49,12000,163200000,1879,7000000,13153000000,-,1,0,0
20554854,SMK YAPALIS KRIAN,SMK,A,1146,38,56,15,32,8,1,200000,Kurikulum Merdeka,Yayasan Perguruan Al-Islam Krian,4,4,2008,17,105000,1428000000,10852,2600000,28215200000,http://www.smkyapalis-krian.sch.id,0,1,0
20540101,SMK PENERBANGAN DHARMA WIRAWAN SDOARJO,SMK,A,1018,27,29,13,35,3,1,200000,Kurikulum Merdeka,DHARMA WIRAWAN PEPABRI,10,4,1987,38,10000,136000000,2858,5800000,16576400000,http://www.SMKpenerbangan-sda.net,0,1,0
20574532,SMP SEPULUH NOPEMBER SIDOARJO,SMP,A,756,25,28,11,26,2,1,200000,Kurikulum Merdeka,Yayasan Purnama,6,5,2006,19,66000,897600000,2717,3500000,9509500000,http://SMPepuluhnopember.sch.id/,0,1,0
69978462,SD HAFIDZ AL QURAN,SD,B,217,9,10,1,9,1,1,160000,Kurikulum Merdeka,PONDOK PESANTREN TAHFIDZ MANBA'UL QUR'AN,2,2,2016,9,2200,29920000,900,1370000,1233000000,http://www.sdhqporong.mysch.id,0,1,1
69970483,SD ISLAM NURUL HIKAM,SD,A,215,11,10,2,11,0,1,250000,Kurikulum Merdeka,YAYASAN PENDIDIKAN DAN PESANTREN NURUL HIKAM,2,2,2017,8,1200,16320000,299,4500000,1345500000,-,0,0,1
20539958,SMP AL FALAH ASSALAM,SMP,A,212,7,16,1,13,3,1,1500000,Kurikulum Merdeka,YAYASAN PENDIDIKAN AL FALAH ASSALAM,4,4,2000,25,10999,149586400,7620,7530000,57378600000,http://alfalahassalamtropodo.id,0,1,1
69867985,SMP INSAN CENDEKIA MANDIRI,SMP,A,210,9,18,6,12,4,1,550000,Kurikulum Merdeka,YATIM MANDIRI,1,1,2014,11,15000,204000000,80000,4500000,360000000000,http://sekolahicm.sch.id,0,1,1
69971908,TK. Islam Terpadu Nurul Hikmah,TK,A,209,8,9,4,8,1,1,300000,Kurikulum Merdeka,YAYASAN NURUL HIKMAH SIDOARJO,3,3,2018,7,100000,1360000000,,3500000,,-,0,0,1
20540089,SMK PEMUDA KRIAN,SMK,A,221,13,13,7,20,6,1,200000,Kurikulum Merdeka,,0,0,1974,51,15000,204000000,3916,2600000,10181600000,http://smkpemudakrian.com,0,1,0
20501860,SMA KATOLIK UNTUNG SUROPATI KRIAN,SMA,A,204,6,11,4,6,4,1,650000,Kurikulum Merdeka,YOHANNES GABRIEL,154,6,2022,3,66000,897600000,16440,2600000,42744000000,http://smakatolikkrian.sch.id,0,1,1
20539957,SMP AL FALAH DELTASARI,SMP,A,204,6,37,3,17,3,1,1550000,Kurikulum Merdeka,Yayasan Masjid Al Falah Surabaya,4,3,1991,34,15000,204000000,5200,7530000,39156000000,http://www.alfalahsby.com,0,1,1
20539973,SMP ISLAM PARLAUNGAN,SMP,A,203,8,21,5,13,4,1,400000,Kurikulum Merdeka,YAYASAN MADRASAH ISLAMIYAH MODERN,1,1,1979,46,33000,448800000,2250,7530000,16942500000,http://www.smpislamparlaunganwaru.sch.id,0,1,1
20532851,SD SASANA BHAKTI,SD,A,34,6,10,1,6,2,1,175000,Kurikulum Merdeka,YAYASAN PENDIDIKAN SASANA BHAKTI,4,4,1952,73,11000,149600000,792,7000000,5544000000,http://www.sdsasanabhakti.com,1,1,0
20540091,SMK PGRI 3 SIDOARJO,SMK,B,456,16,17,3,15,4,1,175000,Kurikulum Merdeka,Perwakilan YPLP PGRI Kabupaten Sidoarjo,17,3,1997,28,41503,564440800,2480,4500000,11160000000,smkpgri3sidoarjo.mysch.id,0,1,0
69973333,SMP MUHAMMADIYAH 10 SIDOARJO,SMP,B,199,7,16,7,9,2,1,650000,Kurikulum Merdeka,Pimpinan Daerah Muhammadiyah (PDM) Kab. Sidoarjo,108,9,2017,8,51000,693600000,5160,4500000,23220000000,https://www.smpm10si.sch.id,0,1,1
20502394,SDIT NURUL ISLAM,SD,B,198,10,11,3,12,0,1,450000,Kurikulum Merdeka,"Yayasan Pendidikan, Dakwah dan Sosial Nurul Islam",5,5,2002,23,2200,29920000,2475,750000,1856250000,-,0,0,1
20537102,SMP SANTA MARIA 2 SIDOARJO,SMP,A,189,7,10,6,8,4,1,900000,Kurikulum Merdeka,Yayasan Paratha Bhakti,10,5,2007,18,66000,897600000,11808,4500000,53136000000,http://smp-sda.sanmarosu-jatim.sch.id,0,1,1
20564064,SMKS PEMBANGUNAN SURABAYA,SMK,B,156,6,10,2,8,4,1,150000,Kurikulum Merdeka,Yayasan Global Cendekia Surabaya,1,1,2009,16,5300,72080000,7018,8890000,62390020000,http://smkpembangunansby.sch.id/,1,1,0
20501764,SMP ULUL ALBAB,SMP,A,184,6,20,6,11,2,1,650000,Kurikulum Merdeka,Yayasan Al-Thohiriyah Mergayu,1,1,2002,23,56000,761600000,248160,5500000,1364880000000,http://www.smpululalbab.sch.id,0,1,1
20540077,SMK ANTARTIKA 2 SIDOARJO,SMK,A,2326,67,67,10,40,5,1,140000,Kurikulum Merdeka,YAYASAN PENDIDIKAN WAHYUHANA SURABAYA,6,3,2002,23,115500,1570800000,8322,3500000,29127000000,http://smkantartika2-sda.sch.id,0,1,0
69965437,SMA Insan Cendekia Mandiri Boarding School,SMA,A,176,7,15,5,11,5,1,550000,Kurikulum Merdeka,Yayasan Yatim Mandiri Surabaya,1,1,2015,10,32000,435200000,36000,4500000,162000000000,http://www.sekolahicm.sch.id,0,1,1
20532508,SMP MAARIF 19,SMP,B,17,3,7,4,3,1,1,100000,Kurikulum Merdeka,LP. MA'ARIF NU KOTA SURABAYA,31,4,1978,47,2200,29920000,1000,7000000,7000000000,http://smpmaarif19surabaya.sch.id,1,1,0
20563548,TK AL FALAH DARUSSALAM,TK,A,172,12,19,2,12,0,1,375000,Kurikulum Merdeka,Yayasan Masjid Darussalam Tropodo,5,4,1991,34,3200,43520000,455,7530000,3426150000,http://www.alfalahdarussalam.sch.id,0,1,1
20540107,SMK TRISAKTI TULANGAN,SMK,A,803,25,25,3,20,1,1,100000,Kurikulum Merdeka,YAYASAN PENDIDIKAN DELTA BAHARI SIDOARJO,1,1,2007,18,66000,897600000,2261,1490000,3368890000,http://smktrisakti-tulangan.sch.id,0,1,0
20569034,SD ISLAM PLUS AS SYAFIIYAH,SD,A,162,6,6,1,6,2,1,315000,Kurikulum Merdeka,Yayasan Pondok Pesantren As-Syafi'iyah,2,2,1910,115,4500,61200000,884,3000000,2652000000,http://ponpes-assyafiiyah.com,0,1,1
20502387,SD MUHAMMADIYAH 2 WARU,SD,A,158,7,10,1,9,1,1,500000,Kurikulum Merdeka,Pimpinan Daerah Muhammadiyah (PDM) Kab. Sidoarjo,108,9,1978,47,20,272000,585,7530000,4405050000,http://sdmawar.co.id,0,1,1
20501670,SMP DARUL ULUM WARU,SMP,A,260,10,16,6,10,2,1,100000,Kurikulum Merdeka,yayasan pendidikan darul ulum waru,1,1,1980,45,10000,136000000,578,7530000,4352340000,http://smpdarululumwaru.blogspot.com,0,0,1
20540080,SMK BUDI UTOMO PRAMBON,SMK,A,166,7,12,5,7,2,1,100000,Kurikulum Merdeka,Pendidikan Budi Utomo,4,4,1986,39,5500,74800000,3600,1800000,6480000000,http://smkbudiutomoprambon.sch.id,0,1,0
20563988,TK DHARMA WANITA PERSATUAN TAWANGSARI 1,TK,B,62,4,4,1,5,0,0,100000,Kurikulum Merdeka,YAYASAN DHARMA WANITA PERSATUAN SIDOARJO,346,2,1984,41,1300,17680000,4095,5500000,22522500000,-,0,0,0
20546552,SMA ULUL ALBAB,SMA,A,153,5,14,2,10,5,1,650000,Kurikulum Merdeka,YAYASAN PENDIDIKAN ISLAM AT-THOHIRIYAH,1,1,2007,18,38000,516800000,2500,5500000,13750000000,http://smaululalbab.sch.id,0,1,1
60729409,SMK MADANIA,SMK,B,58,3,7,4,4,1,1,100000,Kurikulum Merdeka,Yayasan Madani,1,1,2010,15,5500,74800000,,1250000,,-,0,0,0
69966930,SDI Mambaul Ulum,SD,A,230,10,14,2,11,1,1,80000,Kurikulum Merdeka,AL MANSHUR,3,3,2017,8,2200,29920000,450,7530000,3388500000,-,0,0,0
69867038,TK ISLAM UNGGULAN AL MASLACHAH,TK,B,148,10,10,1,10,0,1,0,Kurikulum Merdeka,Al - Maslachah,3,3,,,900,12240000,525,2200000,1155000000,-,0,0,1
20532158,SMA PAMARDI PUTRA,SMA,B,41,3,10,2,4,1,1,50000,Kurikulum Merdeka,YAYASAN PAMARDI PUTRA,1,1,1982,43,4500,61200000,810,24000000,19440000000,-,1,0,0
69972212,SMP MUHAMMADIYAH 9 BOARDING SCHOOL TANGGULANGIN,SMP,A,146,6,12,5,9,2,1,0,Kurikulum Merdeka,Pimpinan Daerah Muhammadiyah (PDM) Kab. Sidoarjo,108,9,2018,7,950,12920000,2484,3000000,7452000000,http://www.ponpesannursidoarjo.wordpress.com,0,0,1
20501709,SMK YPM 1 TAMAN SIDOARJO,SMK,A,1754,42,54,5,39,10,1,0,Kurikulum Merdeka,YAYASAN PENDIDIKAN DAN SOSIAL MA`ARIF TAMAN SEPANJANG,25,7,1980,45,100000,1360000000,6845,5500000,37647500000,http://www.smkypm1taman.sch.id,0,1,0
20563213,TK IT NURUL FIKRI,TK,A,133,8,12,2,9,0,1,495000,Kurikulum Merdeka,Yayasan Ponpes Ath Thoyyibah Sidoarjo,4,4,2003,22,23000,312800000,416,2200000,915200000,http://www.nurulfikrisidoarjo.sch.id,0,1,1
20540110,SMK YPM 8 SIDOARJO,SMK,A,1678,41,32,1,25,3,1,0,Kurikulum Merdeka,YAYASAN PENDIDIKAN DAN SOSIAL MA`ARIF TAMAN SEPANJANG,25,7,1995,30,,0,5000,4500000,22500000000,http://smkypm8.sch.id,0,1,0
20501717,SMK ANTARTIKA 1 SIDOARJO,SMK,A,1614,48,57,8,41,2,1,0,Kurikulum Merdeka,YAYASAN PENDIDIKAN WAHYUHANA SURABAYA,6,3,1974,51,,0,6918,3500000,24213000000,http://www.smkantartika1sda.sch.id,0,1,0
20501708,SMK YPM 3 TAMAN,SMK,A,1311,31,36,7,29,4,1,0,Kurikulum Merdeka,YAYASAN PENDIDIKAN DAN SOSIAL MA`ARIF TAMAN SEPANJANG,25,7,1991,34,5000,68000000,3012,5500000,16566000000,http://www.smkypm3taman.sch.id,0,1,0
20563189,TK M HASYIM ASYARI,TK,B,149,6,6,1,6,0,0,0,Kurikulum Merdeka,TKM NU 100 HASYIM ASY'ARI PEPE,1,1,1984,41,5500,74800000,488,5800000,2830400000,-,0,0,0
69816579,KB. CERIA MANDIRI,KB,B,148,14,13,4,10,0,0,0,Kurikulum Merdeka,Insan Mulia Mandiri,1,1,2011,14,10498,142772800,200,5800000,1160000000,-,0,0,0
20561526,TK ISLAM PLUS AS SYAFIIYAH,TK,B,40,2,2,1,2,0,0,100000,Kurikulum Merdeka,Yayasan Pondok Pesantren As-Syafi'iyah,2,2,2007,18,2300,31280000,700,3000000,2100000000,http://www.ponpes-assyafiiyah.com,0,1,1
20558953,SDWIDYA WIYATA,SD,A,147,8,17,2,8,2,2,0,Kurikulum Merdeka,SEKOLAH WIDYA WIYATA,1,1,2007,18,3200,43520000,2400,4500000,10800000000,http://widyawiyataschool.sch.id,0,1,0